{"cameraMode":{"drawMode":0,"name":"Shaded","section":"Shading Mode"},"sceneLighting":false,"audioPlay":false,"sceneViewState":{"showFog":true,"showMaterialUpdate":false,"showSkybox":true,"showFlares":true,"showImageEffects":true,"showParticleSystems":true},"in2DMode":false,"pivot":{"x":0.48821568489074709,"y":1.593000054359436,"z":0.25664496421813967},"rotation":{"x":0.2638390064239502,"y":2.993356396086e-10,"z":-2.3054709252789964e-9,"w":0.9645667672157288},"size":0.6670888662338257,"orthographic":true}