{"cameraMode":{"drawMode":0,"name":"Shaded","section":"Shading Mode"},"sceneLighting":false,"audioPlay":false,"sceneViewState":{"showFog":true,"showMaterialUpdate":true,"showSkybox":true,"showFlares":true,"showImageEffects":true,"showParticleSystems":true},"in2DMode":false,"pivot":{"x":-0.7875423431396484,"y":0.7799999713897705,"z":0.1976931095123291},"rotation":{"x":0.32971200346946719,"y":-0.0028322378639131786,"z":0.0009891374502331019,"w":0.9440768361091614},"size":3.186741590499878,"orthographic":true}